<?xml version="1.0" encoding="UTF-8"?>
<!DOCTYPE mapper 
	PUBLIC "-//mybatis.org//DTD Mapper 3.0//EN"
	"http://mybatis.org/dtd/mybatis-3-mapper.dtd">

<!-- 
1.parameterType에 1개의 Type만 올 수 있다. 
  Type 여러개인경우 생략할 것.
2.parameterType이 DTO인 경우 #{필드명}
3.parameterType이 변수인 경우 #{변수명}
4.parameterType이 Map<key,value>타입인 경우 #{key}
5.resultType도 1개만 올수 있는데 1개 이상의 레코드를 
  검색하는 경우 DTO타입만 명시
6.#{} : 문자열인 경우 ''추가됨
7.${} : 문자열 변환없이 문자 그대로 입력됨
  (예, 컬럼명 전달시. 일반적으로는 사용 안함.)  
8.parameterType은 생략가능하지만 가독성을 위해 비권장
 -->

<mapper namespace="com.editube.dao.MemberDao">
	
	<select id="getPassword" parameterType="String"
		resultType="String">
		SELECT M_PASSWORD FROM M WHERE M_ID=#{id}
	</select>
	
	<select id="getMemInfo" parameterType="String"
		resultType="com.editube.dto.MemberDto">
		SELECT * FROM MINFO WHERE M_ID=#{id}
	</select>
	
	<insert id="memberInsert" 
		parameterType="com.editube.dto.MemberDto">
		INSERT INTO M
		VALUES(#{m_nickname},#{m_id},DEFAULT,#{m_name},#{m_birth},#{m_password},#{m_phonenum},DEFAULT,DEFAULT,DEFAULT)
	</insert>
	
	<select id="idCheck" parameterType="String"
		resultType="Integer">
		SELECT COUNT(*) FROM MINFO WHERE M_ID=#{mid}
	</select>

	<select id="nickCheck" parameterType="String"
		resultType="Integer">
		SELECT COUNT(*) FROM MINFO WHERE M_NICKNAME=#{mnickname}
	</select>
	
	<select id="getAllReqList" parameterType="String"
		resultType="com.editube.dto.RequestDto">
		SELECT * FROM REQUEST WHERE rq_mnickname = #{nickname} or rq_targetnickname= #{nickname} ORDER BY rq_date
	</select>
	
	<select id="getReqList" parameterType="HashMap"
		resultType="com.editube.dto.RequestDto">
		SELECT * FROM REQUEST WHERE rq_status = #{status} and (rq_mnickname =#{nickname} or rq_targetnickname=#{nickname})
		ORDER BY rq_date
	</select>
	
	<update id="statusChange" parameterType="com.editube.dto.RequestDto">
		UPDATE REQUEST SET RQ_STATUS = #{rq_status}, RQ_TARGETSTATUS = #{rq_targetstatus}
		WHERE RQ_NUM=#{rq_num}
	 </update>
	 
	 <insert id="InsertRatFrm" 
		parameterType="com.editube.dto.RatingDto">
		INSERT INTO RATING
		VALUES(RATING_SEQ.NEXTVAL,#{m_nickname},#{ra_score},#{ra_content},#{ra_nickname})
	</insert>
	
	<select id="getUReqList" parameterType="String"
		resultType="com.editube.dto.RequestDto">
		SELECT * FROM request WHERE (rq_mnickname = #{m_nickname} AND rq_type = 1) OR (rq_targetnickname = #{m_nickname} AND rq_type=2)
	</select>
	
	<select id="getEReqList" parameterType="String"
		resultType="com.editube.dto.RequestDto">
		SELECT * FROM request WHERE (rq_mnickname = #{m_nickname} AND rq_type = 2) OR (rq_targetnickname = #{m_nickname} AND rq_type=1)
	</select>
	
	<insert id="goReq" parameterType="com.editube.dto.RequestDto">
		INSERT INTO request
		VALUES (REQUEST_SEQ.nextval,#{rq_mnickname},#{rq_status},DEFAULT,#{rq_type},#{rq_targetnickname},#{rq_targetstatus},#{rq_bnum})
	</insert>
</mapper>






