<?xml version="1.0" encoding="UTF-8"?>
<beans:beans xmlns="http://www.springframework.org/schema/mvc"
	xmlns:xsi="http://www.w3.org/2001/XMLSchema-instance"
	xmlns:beans="http://www.springframework.org/schema/beans"
	xmlns:context="http://www.springframework.org/schema/context"
	xsi:schemaLocation="http://www.springframework.org/schema/mvc https://www.springframework.org/schema/mvc/spring-mvc.xsd
		http://www.springframework.org/schema/beans https://www.springframework.org/schema/beans/spring-beans.xsd
		http://www.springframework.org/schema/context https://www.springframework.org/schema/context/spring-context.xsd">

	<!-- DispatcherServlet Context: defines this servlet's request-processing infrastructure -->
	
	<!-- Enables the Spring MVC @Controller programming model -->
	<annotation-driven />

	<!-- Handles HTTP GET requests for /resources/** by efficiently serving up static resources in the ${webappRoot}/resources directory -->
	<resources mapping="/resources/**" location="/resources/" />

	<!-- Resolves views selected for rendering by @Controllers to .jsp resources in the /WEB-INF/views directory -->
	<beans:bean class="org.springframework.web.servlet.view.InternalResourceViewResolver">
		<beans:property name="prefix" value="/WEB-INF/views/" />
		<beans:property name="suffix" value=".jsp" />
	</beans:bean>
	
	<!-- MultipartResolver : 멀티파티 데이터 처리용 객체 -->
	<beans:bean id="multipartResolver"
		class="org.springframework.web.multipart.commons.CommonsMultipartResolver">
		<beans:property name="defaultEncoding"
			value="UTF-8"/>
		<beans:property name="maxUploadSize"
			value="10000000"/><!-- byte 단위 -->
		<beans:property name="maxInMemorySize"
			value="10000000"/>
	</beans:bean>
	
	<interceptors>
		<interceptor>
			<!-- 인터셉터가 적용될 전체 범위 : mapping -->
			<mapping path="/*"/>
			<!-- 가로채기에서 제외할 uri를 지정 -->
			<exclude-mapping path="/"/>
			<exclude-mapping path="/loginFrm"/>
			<exclude-mapping path="/signPageFrm"/>
			<exclude-mapping path="/access"/>
			<exclude-mapping path="/memInsert"/>
			<exclude-mapping path="/idCheck"/>
			<exclude-mapping path="/nickCheck"/>
			<exclude-mapping path="/findIdFrm"/>
			<exclude-mapping path="/findIdMatch"/>
			<exclude-mapping path="/comIdFrm"/>
			<exclude-mapping path="/findPwFrm"/>
			<exclude-mapping path="/findPwMatch"/>
			<exclude-mapping path="/comPwFrm"/>
			<exclude-mapping path="/rePwFrm"/>
			<exclude-mapping path="/rePw"/>
			<exclude-mapping path="/myInfo"/>
			<exclude-mapping path="/myUPageSc"/>
			<exclude-mapping path="/doubleBoard"/>
			<exclude-mapping path="/youtuberBoard"/>
			<exclude-mapping path="/commuBoard"/>
			<exclude-mapping path="/editBoard"/>
			<exclude-mapping path="/commuContent"/>
			<exclude-mapping path="/writeCommuFrm"/>
			<exclude-mapping path="/writecom"/>
			<exclude-mapping path="/commuNav"/>
			<exclude-mapping path="/myEPage"/>
			<exclude-mapping path="/myEPageCash"/>
			<exclude-mapping path="/myEPagePf"/>
			<exclude-mapping path="/myEPageReqM"/>
			<exclude-mapping path="/myEPageSc"/>
			<exclude-mapping path="/signWelFrm"/>
			<beans:bean class="com.editube.util.SessionInterceptor"/>
		</interceptor>
	</interceptors>
	
	<context:component-scan base-package="com.editube.controller"/>
	
	
	
</beans:beans>
